pickup_year,pickup_month,total_trips,total_fare,total_tips,total_amount,avg_fare,avg_total_amount
2025,8,3312598,67351546.0,9712402.48,96042288.49,20.33,28.99
2025,9,3997883,84409585.85,12149928.16,119453544.34,21.11,29.88
2025,10,4106958,83630631.3,13247017.67,120849220.13,20.36,29.43
2025,11,3784463,74221300.01,11965132.92,107857004.36,19.61,28.5
2025,12,4256070,96873272.25,12175880.44,134458304.08,22.76,31.59
2026,1,3684859,78458716.13,9715683.41,109896382.45,21.29,29.82
2026,2,3372528,74230519.34,8973117.28,103180511.86,22.01,30.59
2026,3,3931096,84761501.87,11294695.38,119552737.3,21.56,30.41
2026,4,3816348,81108093.5,11471837.24,115358033.74,21.25,30.23
2026,5,4075904,88333579.49,12177550.6,125124284.61,21.67,30.7
2026,6,3822877,82595743.97,11462289.34,117506897.94,21.61,30.74
2026,7,3515296,74824825.5,9861105.07,106488571.45,21.29,30.29
