day_of_week,pickup_hour,total_trips
Monday,0,104782
Monday,1,53840
Monday,2,30462
Monday,3,23301
Monday,4,31598
Monday,5,57465
Monday,6,119025
Monday,7,215513
Monday,8,277939
Monday,9,270088
Monday,10,261607
Monday,11,274861
Monday,12,293933
Monday,13,301782
Monday,14,330948
Monday,15,351292
Monday,16,356100
Monday,17,400350
Monday,18,398743
Monday,19,337153
Monday,20,319520
Monday,21,314149
Monday,22,250020
Monday,23,162650
Tuesday,0,95389
Tuesday,1,43502
Tuesday,2,23124
Tuesday,3,15236
Tuesday,4,21770
Tuesday,5,50331
Tuesday,6,119144
Tuesday,7,238658
Tuesday,8,319092
Tuesday,9,316968
Tuesday,10,298015
Tuesday,11,306901
Tuesday,12,324751
Tuesday,13,331667
Tuesday,14,366511
Tuesday,15,384709
Tuesday,16,393666
Tuesday,17,458711
Tuesday,18,476077
Tuesday,19,398449
Tuesday,20,394710
Tuesday,21,426759
Tuesday,22,347924
Tuesday,23,213982
Wednesday,0,113260
Wednesday,1,52410
Wednesday,2,27785
Wednesday,3,19055
Wednesday,4,25513
Wednesday,5,52654
Wednesday,6,125090
Wednesday,7,249332
Wednesday,8,336511
Wednesday,9,329670
Wednesday,10,308969
Wednesday,11,318712
Wednesday,12,336522
Wednesday,13,349039
Wednesday,14,377340
Wednesday,15,394268
Wednesday,16,404799
Wednesday,17,472569
Wednesday,18,500058
Wednesday,19,445829
Wednesday,20,429050
Wednesday,21,453370
Wednesday,22,390822
Wednesday,23,256364
Thursday,0,150462
Thursday,1,81015
Thursday,2,45944
Thursday,3,32012
Thursday,4,33606
Thursday,5,60920
Thursday,6,132195
Thursday,7,248979
Thursday,8,329980
Thursday,9,321861
Thursday,10,307540
Thursday,11,319385
Thursday,12,338689
Thursday,13,351462
Thursday,14,387254
Thursday,15,412208
Thursday,16,418895
Thursday,17,486385
Thursday,18,516273
Thursday,19,451231
Thursday,20,431803
Thursday,21,460307
Thursday,22,431706
Thursday,23,325165
Friday,0,210664
Friday,1,117396
Friday,2,69701
Friday,3,45828
Friday,4,45272
Friday,5,66007
Friday,6,123985
Friday,7,217448
Friday,8,272753
Friday,9,276211
Friday,10,285105
Friday,11,305064
Friday,12,333035
Friday,13,347650
Friday,14,396090
Friday,15,413780
Friday,16,419796
Friday,17,466781
Friday,18,502470
Friday,19,456852
Friday,20,386854
Friday,21,392046
Friday,22,419840
Friday,23,412158
Saturday,0,357057
Saturday,1,278515
Saturday,2,203420
Saturday,3,140209
Saturday,4,89541
Saturday,5,47006
Saturday,6,65508
Saturday,7,90335
Saturday,8,139229
Saturday,9,207732
Saturday,10,259851
Saturday,11,306097
Saturday,12,340262
Saturday,13,363502
Saturday,14,366916
Saturday,15,380032
Saturday,16,403464
Saturday,17,425400
Saturday,18,453543
Saturday,19,443940
Saturday,20,383025
Saturday,21,379775
Saturday,22,424592
Saturday,23,435894
Sunday,0,382193
Sunday,1,303649
Sunday,2,215263
Sunday,3,159016
Sunday,4,109940
Sunday,5,57135
Sunday,6,69624
Sunday,7,88551
Sunday,8,125047
Sunday,9,191611
Sunday,10,251880
Sunday,11,295369
Sunday,12,331442
Sunday,13,350310
Sunday,14,363973
Sunday,15,349767
Sunday,16,353074
Sunday,17,356413
Sunday,18,353555
Sunday,19,307377
Sunday,20,276847
Sunday,21,266299
Sunday,22,232298
Sunday,23,171181
